{
  "name": "Seated Dumbbell Palms-Up Wrist Curl",
  "force": "pull",
  "level": "beginner",
  "mechanic": "isolation",
  "equipment": "dumbbell",
  "primaryMuscles": [
    "forearms"
  ],
  "secondaryMuscles": [

  ],
  "instructions": [
    "Start out by placing two dumbbells on the floor in front of a flat bench.",
    "Sit down on the edge of the flat bench with your legs at about shoulder width apart. Make sure to keep your feet on the floor.",
    "Use your arms to grab both of the dumbbells and bring them up so that your forearms are resting against your thighs with the palms of the hands facing up. Your wrists should be hanging over the edge of your thighs.",
    "Start out by curling your wrist upwards and exhaling.",
    "Slowly lower your wrists back down to the starting position while inhaling. Make sure to inhale during this part of the exercise. Tip: Your forearms should be stationary as your wrist is the only movement needed to perform this exercise.",
    "Repeat for the recommended amount of repetitions.",
    "When finished, simply lower the dumbbells to the floor."
  ],
  "category": "strength",
  "images": [
    "Seated_Dumbbell_Palms-Up_Wrist_Curl/0.jpg",
    "Seated_Dumbbell_Palms-Up_Wrist_Curl/1.jpg"
  ],
  "id": "Seated_Dumbbell_Palms-Up_Wrist_Curl"
}