{
  "name": "Snatch Shrug",
  "force": "pull",
  "level": "intermediate",
  "mechanic": "compound",
  "equipment": "barbell",
  "primaryMuscles": [
    "traps"
  ],
  "secondaryMuscles": [
    "forearms",
    "shoulders"
  ],
  "instructions": [
    "Begin with a wide grip, with the bar hanging at the mid thigh position. You can use a hook or overhand grip. Your back should be straight and inclined slightly forward.",
    "Shrug your shoulders towards your ears. While this exercise can usually by loaded with heavier weight than a snatch, avoid overloading to the point that the execution slows down."
  ],
  "category": "olympic weightlifting",
  "images": [
    "Snatch_Shrug/0.jpg",
    "Snatch_Shrug/1.jpg"
  ],
  "id": "Snatch_Shrug"
}