{
  "name": "Seated Floor Hamstring Stretch",
  "force": "static",
  "level": "beginner",
  "mechanic": null,
  "equipment": null,
  "primaryMuscles": [
    "hamstrings"
  ],
  "secondaryMuscles": [
    "calves"
  ],
  "instructions": [
    "Sit on a mat with your right leg extended in front of you and your left leg bent with your foot against your right inner thigh.",
    "Lean forward from your hips and reach for your ankle until you feel a stretch in your hamstring. Hold for 15 seconds, then repeat for your other side."
  ],
  "category": "stretching",
  "images": [
    "Seated_Floor_Hamstring_Stretch/0.jpg",
    "Seated_Floor_Hamstring_Stretch/1.jpg"
  ],
  "id": "Seated_Floor_Hamstring_Stretch"
}