{
  "name": "Standing Military Press",
  "force": "push",
  "level": "beginner",
  "mechanic": "compound",
  "equipment": "barbell",
  "primaryMuscles": [
    "shoulders"
  ],
  "secondaryMuscles": [
    "triceps"
  ],
  "instructions": [
    "Start by placing a barbell that is about chest high on a squat rack. Once you have selected the weights, grab the barbell using a pronated (palms facing forward) grip. Make sure to grip the bar wider than shoulder width apart from each other.",
    "Slightly bend the knees and place the barbell on your collar bone. Lift the barbell up keeping it lying on your chest. Take a step back and position your feet shoulder width apart from each other.",
    "Once you pick up the barbell with the correct grip length, lift the bar up over your head by locking your arms. Hold at about shoulder level and slightly in front of your head. This is your starting position.",
    "Lower the bar down to the collarbone slowly as you inhale.",
    "Lift the bar back up to the starting position as you exhale.",
    "Repeat for the recommended amount of repetitions."
  ],
  "category": "strength",
  "images": [
    "Standing_Military_Press/0.jpg",
    "Standing_Military_Press/1.jpg"
  ],
  "id": "Standing_Military_Press"
}