{
  "name": "Groiners",
  "force": "pull",
  "level": "intermediate",
  "mechanic": "compound",
  "equipment": "body only",
  "primaryMuscles": [
    "adductors"
  ],
  "secondaryMuscles": [

  ],
  "instructions": [
    "Begin in a pushup position on the floor. This will be your starting position.",
    "Using both legs, jump forward landing with your feet next to your hands. Keep your head up as you do so.",
    "Return to the starting position and immediately repeat the movement, continuing for 10-20 repetitions."
  ],
  "category": "stretching",
  "images": [
    "Groiners/0.jpg",
    "Groiners/1.jpg"
  ],
  "id": "Groiners"
}