{
  "name": "Split Squats",
  "force": "push",
  "level": "intermediate",
  "mechanic": null,
  "equipment": null,
  "primaryMuscles": [
    "hamstrings"
  ],
  "secondaryMuscles": [
    "calves",
    "glutes",
    "quadriceps"
  ],
  "instructions": [
    "Being in a standing position. Jump into a split leg position, with one leg forward and one leg back, flexing the knees and lowering your hips slightly as you do so.",
    "As you descend, immediately reverse direction, standing back up and jumping, reversing the position of your legs. Repeat 5-10 times on each leg."
  ],
  "category": "stretching",
  "images": [
    "Split_Squats/0.jpg",
    "Split_Squats/1.jpg"
  ],
  "id": "Split_Squats"
}