{
  "name": "Vertical Swing",
  "force": "pull",
  "level": "beginner",
  "mechanic": "compound",
  "equipment": "dumbbell",
  "primaryMuscles": [
    "hamstrings"
  ],
  "secondaryMuscles": [
    "glutes",
    "quadriceps",
    "shoulders"
  ],
  "instructions": [
    "Allow the dumbbell to hang at arms length between your legs, holding it with both hands. Keep your back straight and your head up.",
    "Swing the dumbbell between your legs, flexing at the hips and bending the knees slightly.",
    "Powerfully reverse the motion by extending at the hips, knees, and ankles to propel yourself upward, swinging the dumbell over your head.",
    "As you land, absorb the impact through your legs and draw the dumbbell to your torso before the next repetition."
  ],
  "category": "plyometrics",
  "images": [
    "Vertical_Swing/0.jpg",
    "Vertical_Swing/1.jpg"
  ],
  "id": "Vertical_Swing"
}