{
  "name": "Handstand Push-Ups",
  "force": "push",
  "level": "expert",
  "mechanic": "compound",
  "equipment": "body only",
  "primaryMuscles": [
    "shoulders"
  ],
  "secondaryMuscles": [
    "triceps"
  ],
  "instructions": [
    "With your back to the wall bend at the waist and place both hands on the floor at shoulder width.",
    "Kick yourself up against the wall with your arms straight. Your body should be upside down with the arms and legs fully extended. Keep your whole body as straight as possible. Tip: If doing this for the first time, have a spotter help you. Also, make sure that you keep facing the wall with your head, rather than looking down.",
    "Slowly lower yourself to the ground as you inhale until your head almost touches the floor. Tip: It is of utmost importance that you come down slow in order to avoid head injury.",
    "Push yourself back up slowly as you exhale until your elbows are nearly locked.",
    "Repeat for the recommended amount of repetitions."
  ],
  "category": "strength",
  "images": [
    "Handstand_Push-Ups/0.jpg",
    "Handstand_Push-Ups/1.jpg"
  ],
  "id": "Handstand_Push-Ups"
}