{
  "name": "Dumbbell Incline Row",
  "force": "pull",
  "level": "beginner",
  "mechanic": "compound",
  "equipment": "dumbbell",
  "primaryMuscles": [
    "middle back"
  ],
  "secondaryMuscles": [
    "biceps",
    "forearms",
    "lats",
    "shoulders"
  ],
  "instructions": [
    "Using a neutral grip, lean into an incline bench.",
    "Take a dumbbell in each hand with a neutral grip, beginning with the arms straight. This will be your starting position.",
    "Retract the shoulder blades and flex the elbows to row the dumbbells to your side.",
    "Pause at the top of the motion, and then return to the starting position."
  ],
  "category": "strength",
  "images": [
    "Dumbbell_Incline_Row/0.jpg",
    "Dumbbell_Incline_Row/1.jpg"
  ],
  "id": "Dumbbell_Incline_Row"
}