{
  "name": "Side-Lying Floor Stretch",
  "force": "static",
  "level": "beginner",
  "mechanic": null,
  "equipment": null,
  "primaryMuscles": [
    "lats"
  ],
  "secondaryMuscles": [

  ],
  "instructions": [
    "First lie on your left side, bending your left knee in front of you to stabilize your torso (use your abdominal muscles as well to hold you upright).",
    "Straighten your right leg and rest the right foot on the floor behind your left. Straighten your right arm over your head and gently pull on your right wrist to stretch the entire right side of the body. Switch sides."
  ],
  "category": "stretching",
  "images": [
    "Side-Lying_Floor_Stretch/0.jpg",
    "Side-Lying_Floor_Stretch/1.jpg"
  ],
  "id": "Side-Lying_Floor_Stretch"
}