{
  "name": "Dumbbell Raise",
  "force": "pull",
  "level": "beginner",
  "mechanic": "compound",
  "equipment": "dumbbell",
  "primaryMuscles": [
    "shoulders"
  ],
  "secondaryMuscles": [
    "biceps"
  ],
  "instructions": [
    "Grab a dumbbell in each arm and stand up straight with your arms extended by your sides with a slight bend at the elbows and your back straight. This will be your starting position. Tip: The dumbbell should be next to your thighs with the palm of your hands facing back.",
    "Use your side shoulders to lift the dumbbells as you exhale. The dumbbells should be to the side of the body as you move them up. Continue to lift it until the dumbbells are nearly in line with your chin. Tip: Your elbows should drive the motion. As you lift the dumbbell, your elbow should always be higher than your forearm. Also, keep your torso stationary and pause for a second at the top of the movement.",
    "Lower the dumbbells back down slowly to the starting position. Inhale as you perform this portion of the movement.",
    "Repeat for the recommended amount of repetitions."
  ],
  "category": "strength",
  "images": [
    "Dumbbell_Raise/0.jpg",
    "Dumbbell_Raise/1.jpg"
  ],
  "id": "Dumbbell_Raise"
}