{
  "name": "Tire Flip",
  "force": "pull",
  "level": "intermediate",
  "mechanic": "compound",
  "equipment": "other",
  "primaryMuscles": [
    "quadriceps"
  ],
  "secondaryMuscles": [
    "calves",
    "chest",
    "forearms",
    "glutes",
    "hamstrings",
    "lower back",
    "shoulders",
    "traps",
    "triceps"
  ],
  "instructions": [
    "Begin by gripping the bottom of the tire on the tread, and position your feet back a bit. Your chest should be driving into the tire.",
    "To lift the tire, extend through the hips, knees, and ankles, driving into the tire and up.",
    "As the tire reaches a 45 degree angle, step forward and drive a knee into the tire. As you do so adjust your grip to the upper portion of the tire and push it forward as hard as possible to complete the turn. Repeat as necessary."
  ],
  "category": "strongman",
  "images": [
    "Tire_Flip/0.jpg",
    "Tire_Flip/1.jpg"
  ],
  "id": "Tire_Flip"
}