{
  "name": "Tricep Side Stretch",
  "force": "static",
  "level": "beginner",
  "mechanic": null,
  "equipment": null,
  "primaryMuscles": [
    "triceps"
  ],
  "secondaryMuscles": [
    "shoulders"
  ],
  "instructions": [
    "Bring right arm across your body and over your left shoulder, holding your elbow with your left hand, until you feel a stretch in your tricep. Then repeat for your other arm."
  ],
  "category": "stretching",
  "images": [
    "Tricep_Side_Stretch/0.jpg",
    "Tricep_Side_Stretch/1.jpg"
  ],
  "id": "Tricep_Side_Stretch"
}