{
  "name": "T-Bar Row with Handle",
  "force": "pull",
  "level": "beginner",
  "mechanic": "compound",
  "equipment": "barbell",
  "primaryMuscles": [
    "middle back"
  ],
  "secondaryMuscles": [
    "biceps",
    "lats"
  ],
  "instructions": [
    "Position a bar into a landmine or in a corner to keep it from moving. Load an appropriate weight onto your end.",
    "Stand over the bar, and position a Double D row handle around the bar next to the collar. Using your hips and legs, rise to a standing position.",
    "Assume a wide stance with your hips back and your chest up. Your arms should be extended. This will be your starting position.",
    "Pull the weight to your upper abdomen by retracting the shoulder blades and flexing the elbows. Do not jerk the weight or cheat during the movement.",
    "After a brief pause, return to the starting position."
  ],
  "category": "strength",
  "images": [
    "T-Bar_Row_with_Handle/0.jpg",
    "T-Bar_Row_with_Handle/1.jpg"
  ],
  "id": "T-Bar_Row_with_Handle"
}