{
  "name": "Standing Concentration Curl",
  "force": "pull",
  "level": "beginner",
  "mechanic": "isolation",
  "equipment": "dumbbell",
  "primaryMuscles": [
    "biceps"
  ],
  "secondaryMuscles": [
    "forearms"
  ],
  "instructions": [
    "Taking a dumbbell in your working hand, lean forward. Allow your working arm to hang perpendicular to the ground with the elbow pointing out. This will be your starting position.",
    "Flex the elbow to curl the weight, keeping the upper arm stationary. At the top of the repetition, flex the biceps and pause.",
    "Lower the dumbbell back to the starting position.",
    "Repeat the movement for the prescribed amount of repetitions."
  ],
  "category": "strength",
  "images": [
    "Standing_Concentration_Curl/0.jpg",
    "Standing_Concentration_Curl/1.jpg"
  ],
  "id": "Standing_Concentration_Curl"
}