{
  "name": "Piriformis-SMR",
  "force": "static",
  "level": "intermediate",
  "mechanic": "isolation",
  "equipment": "foam roll",
  "primaryMuscles": [
    "glutes"
  ],
  "secondaryMuscles": [

  ],
  "instructions": [
    "Sit with your buttocks on top of a foam roll. Bend your knees, and then cross one leg so that the ankle is over the knee. This will be your starting position.",
    "Shift your weight to the side of the crossed leg, rolling over the buttocks until you feel tension in your upper glute. You may assist the stretch by using one hand to pull the bent knee towards your chest. Hold this position for 10-30 seconds, and then switch sides."
  ],
  "category": "stretching",
  "images": [
    "Piriformis-SMR/0.jpg",
    "Piriformis-SMR/1.jpg"
  ],
  "id": "Piriformis-SMR"
}