{
  "name": "Two-Arm Dumbbell Preacher Curl",
  "force": "pull",
  "level": "beginner",
  "mechanic": "isolation",
  "equipment": "dumbbell",
  "primaryMuscles": [
    "biceps"
  ],
  "secondaryMuscles": [

  ],
  "instructions": [
    "Grab a dumbbell with each arm and place the upper arms on top of the preacher bench or the incline bench. The dumbbell should be held at shoulder length. This will be your starting position.",
    "As you breathe in, slowly lower the dumbbells until your upper arm is extended and the biceps is fully stretched.",
    "As you exhale, use the biceps to curl the weights up until your biceps is fully contracted and the dumbbells are at shoulder height.",
    "Squeeze the biceps hard for a second at the contracted position and repeat for the recommended amount of repetitions."
  ],
  "category": "strength",
  "images": [
    "Two-Arm_Dumbbell_Preacher_Curl/0.jpg",
    "Two-Arm_Dumbbell_Preacher_Curl/1.jpg"
  ],
  "id": "Two-Arm_Dumbbell_Preacher_Curl"
}