{
  "name": "Peroneals-SMR",
  "force": "static",
  "level": "intermediate",
  "mechanic": null,
  "equipment": "foam roll",
  "primaryMuscles": [
    "calves"
  ],
  "secondaryMuscles": [

  ],
  "instructions": [
    "Lay on your side, supporting your weight on your forearm and on a foam roller placed on the outside of your lower leg. Your upper leg can either be on top of your lower leg, or you can cross it in front of you. This will be your starting position.",
    "Raise your hips off of the ground and begin to roll from below the knee to above the ankle on the side of your leg, pausing at points of tension for 10-30 seconds. Repeat on the other leg."
  ],
  "category": "stretching",
  "images": [
    "Peroneals-SMR/0.jpg",
    "Peroneals-SMR/1.jpg"
  ],
  "id": "Peroneals-SMR"
}