{
  "name": "Supine One-Arm Overhead Throw",
  "force": "pull",
  "level": "beginner",
  "mechanic": "compound",
  "equipment": "medicine ball",
  "primaryMuscles": [
    "abdominals"
  ],
  "secondaryMuscles": [
    "chest",
    "lats",
    "shoulders"
  ],
  "instructions": [
    "Lay on the ground on your back with your knees bent. Hold the ball with one hand, extending the arm fully behind your head. This will be your starting position.",
    "Initiate the movement at the shoulder, throwing the ball directly forward of you as you sit up, attempting to go for maximum distance.",
    "The ball can be thrown to a partner or bounced off of a wall."
  ],
  "category": "plyometrics",
  "images": [
    "Supine_One-Arm_Overhead_Throw/0.jpg",
    "Supine_One-Arm_Overhead_Throw/1.jpg"
  ],
  "id": "Supine_One-Arm_Overhead_Throw"
}