{
  "name": "Rear Leg Raises",
  "force": "push",
  "level": "beginner",
  "mechanic": null,
  "equipment": "body only",
  "primaryMuscles": [
    "quadriceps"
  ],
  "secondaryMuscles": [

  ],
  "instructions": [
    "Place yourself on your hands knees on an exercise mat. Your head should be looking forward and the bend of the knees should create a 90-degree angle between the hamstrings and the calves. This will be your starting position.",
    "Extend one leg up and behind you. The knee and hip should both extend. Repeat for 5-10 repetitions, and then switch sides."
  ],
  "category": "stretching",
  "images": [
    "Rear_Leg_Raises/0.jpg",
    "Rear_Leg_Raises/1.jpg"
  ],
  "id": "Rear_Leg_Raises"
}