{
  "name": "Torso Rotation",
  "force": "pull",
  "level": "beginner",
  "mechanic": null,
  "equipment": "exercise ball",
  "primaryMuscles": [
    "abdominals"
  ],
  "secondaryMuscles": [

  ],
  "instructions": [
    "Stand upright holding an exercise ball with both hands. Extend your arms so the ball is straight out in front of you. This will be your starting position.",
    "Rotate your torso to one side, keeping your eyes on the ball as you move. Now, rotate back to the opposite direction. Repeat for 10-20 repetitions."
  ],
  "category": "stretching",
  "images": [
    "Torso_Rotation/0.jpg",
    "Torso_Rotation/1.jpg"
  ],
  "id": "Torso_Rotation"
}