{
  "name": "V-Bar Pullup",
  "force": "pull",
  "level": "beginner",
  "mechanic": "compound",
  "equipment": "body only",
  "primaryMuscles": [
    "lats"
  ],
  "secondaryMuscles": [
    "biceps",
    "middle back",
    "shoulders"
  ],
  "instructions": [
    "Start by placing the middle of the V-bar in the middle of the pull-up bar (assuming that the pull-up station you are using does not have neutral grip handles). The V-Bar handles will be facing down so that you can hang from the pull-up bar through the use of the handles.",
    "Once you securely place the V-bar, take a hold of the bar from each side and hang from it. Stick your chest out and lean yourself back slightly in order to better engage the lats. This will be your starting position.",
    "Using your lats, pull your torso up while leaning your head back slightly so that you do not hit yourself with the chin-up bar. Continue until your chest nearly touches the V-bar. Exhale as you execute this motion.",
    "After a second hold on the contracted position, slowly lower your body back to the starting position as you breathe in.",
    "Repeat for the prescribed number of repetitions."
  ],
  "category": "strength",
  "images": [
    "V-Bar_Pullup/0.jpg",
    "V-Bar_Pullup/1.jpg"
  ],
  "id": "V-Bar_Pullup"
}