{
  "name": "Ring Dips",
  "force": "push",
  "level": "intermediate",
  "mechanic": "compound",
  "equipment": "other",
  "primaryMuscles": [
    "triceps"
  ],
  "secondaryMuscles": [
    "chest",
    "shoulders"
  ],
  "instructions": [
    "Grip a ring in each hand, and then take a small jump to help you get into the starting position with your arms locked out.",
    "Begin by flexing the elbow, lowering your body until your arms break 90 degrees. Avoid swinging, and maintain good posture throughout the descent.",
    "Reverse the motion by extending the elbow, pushing yourself back up into the starting position.",
    "Repeat for the desired number of repetitions."
  ],
  "category": "strength",
  "images": [
    "Ring_Dips/0.jpg",
    "Ring_Dips/1.jpg"
  ],
  "id": "Ring_Dips"
}