{
  "name": "The Straddle",
  "force": "static",
  "level": "beginner",
  "mechanic": null,
  "equipment": null,
  "primaryMuscles": [
    "hamstrings"
  ],
  "secondaryMuscles": [
    "adductors",
    "calves"
  ],
  "instructions": [
    "Begin in a seated, upright position. Start by extending your legs in front of you in a V.",
    "With your hands on the floor, lean forward as far as possible. Hold for 10 to 20 seconds."
  ],
  "category": "stretching",
  "images": [
    "The_Straddle/0.jpg",
    "The_Straddle/1.jpg"
  ],
  "id": "The_Straddle"
}