{
  "name": "Platform Hamstring Slides",
  "force": "pull",
  "level": "beginner",
  "mechanic": "isolation",
  "equipment": "other",
  "primaryMuscles": [
    "hamstrings"
  ],
  "secondaryMuscles": [
    "glutes"
  ],
  "instructions": [
    "For this movement a wooden floor or similar is needed. Lay on your back with your legs extended. Place a gym towel or a light weight underneath your heel. This will be your starting position.",
    "Begin the movement by flexing the knee, keeping your other leg straight.",
    "Continue bringing the heel closer to you, sliding it on the floor.",
    "At full knee flexion, reverse the movement to return to the starting position."
  ],
  "category": "strength",
  "images": [
    "Platform_Hamstring_Slides/0.jpg",
    "Platform_Hamstring_Slides/1.jpg"
  ],
  "id": "Platform_Hamstring_Slides"
}