{
  "name": "Scapular Pull-Up",
  "force": "pull",
  "level": "beginner",
  "mechanic": "isolation",
  "equipment": null,
  "primaryMuscles": [
    "traps"
  ],
  "secondaryMuscles": [
    "lats",
    "middle back"
  ],
  "instructions": [
    "Take a pronated grip on a pull-up bar.",
    "From a hanging position, raise yourself a few inches without using your arms. Do this by depressing your shoulder girdle in a reverse shrugging motion.",
    "Pause at the completion of the movement, and then slowly return to the starting position before performing more repetitions."
  ],
  "category": "strength",
  "images": [
    "Scapular_Pull-Up/0.jpg",
    "Scapular_Pull-Up/1.jpg"
  ],
  "id": "Scapular_Pull-Up"
}