{
  "name": "Svend Press",
  "force": "push",
  "level": "beginner",
  "mechanic": "compound",
  "equipment": "other",
  "primaryMuscles": [
    "chest"
  ],
  "secondaryMuscles": [
    "forearms",
    "shoulders",
    "triceps"
  ],
  "instructions": [
    "Begin in a standing position.",
    "Press two lightweight plates together with your hands. Hold the plates together close to your chest to create an isometric contraction in your chest muscles. Your fingers should be pointed forward. This is your starting position.",
    "Squeeze the plates between your palms and extend your arms directly out in front of you in a controlled motion.",
    "Pause at the top of the motion, and then slowly return to the starting position."
  ],
  "category": "strength",
  "images": [
    "Svend_Press/0.jpg",
    "Svend_Press/1.jpg"
  ],
  "id": "Svend_Press"
}