{
  "name": "Suspended Row",
  "force": "pull",
  "level": "beginner",
  "mechanic": "compound",
  "equipment": "other",
  "primaryMuscles": [
    "middle back"
  ],
  "secondaryMuscles": [
    "biceps",
    "lats"
  ],
  "instructions": [
    "Suspend your straps at around chest height. Take a handle in each hand and lean back. Keep your body erect and your head and chest up. Your arms should be fully extended. This will be your starting position.",
    "Begin by flexing the elbow to initiate the movement. Protract your shoulder blades as you do so.",
    "At the completion of the motion pause, and then return to the starting position."
  ],
  "category": "strength",
  "images": [
    "Suspended_Row/0.jpg",
    "Suspended_Row/1.jpg"
  ],
  "id": "Suspended_Row"
}