{
  "name": "Prowler Sprint",
  "force": "push",
  "level": "beginner",
  "mechanic": "compound",
  "equipment": "other",
  "primaryMuscles": [
    "hamstrings"
  ],
  "secondaryMuscles": [
    "calves",
    "chest",
    "glutes",
    "quadriceps",
    "shoulders"
  ],
  "instructions": [
    "Place your sled on an appropriate surface, loaded to a suitable weight. The sled should provide enough resistance to require effort, but not so heavy that you are significantly slowed down.",
    "You may use the upright or the low handles for this exercise. Place your hands on the handles with your arms extended, leaning into the implement.",
    "With good posture, drive through the ground with alternating, short steps. Move as fast as you can for a short distance."
  ],
  "category": "cardio",
  "images": [
    "Prowler_Sprint/0.jpg",
    "Prowler_Sprint/1.jpg"
  ],
  "id": "Prowler_Sprint"
}