{
  "name": "Wide-Grip Pulldown Behind The Neck",
  "force": "pull",
  "level": "intermediate",
  "mechanic": "compound",
  "equipment": "cable",
  "primaryMuscles": [
    "lats"
  ],
  "secondaryMuscles": [
    "biceps",
    "middle back",
    "shoulders"
  ],
  "instructions": [
    "Sit down on a pull-down machine with a wide bar attached to the top pulley. Make sure that you adjust the knee pad of the machine to fit your height. These pads will prevent your body from being raised by the resistance attached to the bar.",
    "Grab the bar with the palms facing forward using the prescribed grip. Note on grips: For a wide grip, your hands need to be spaced out at a distance wider than your shoulder width. For a medium grip, your hands need to be spaced out at a distance equal to your shoulder width and for a close grip at a distance smaller than your shoulder width.",
    "As you have both arms extended in front of you holding the bar at the chosen grip width, bring your torso and head forward. Think of an imaginary line from the center of the bar down to the back of your neck. This is your starting position.",
    "As you breathe out, bring the bar down until it touches the back of your neck by drawing the shoulders and the upper arms down and back. Tip: Concentrate on squeezing the back muscles once you reach the full contracted position. The upper torso should remain stationary and only the arms should move. The forearms should do no other work except for holding the bar; therefore do not try to pull down the bar using the forearms.",
    "After a second on the contracted position squeezing your shoulder blades together, slowly raise the bar back to the starting position when your arms are fully extended and the lats are fully stretched. Inhale during this portion of the movement.",
    "Repeat this motion for the prescribed amount of repetitions."
  ],
  "category": "strength",
  "images": [
    "Wide-Grip_Pulldown_Behind_The_Neck/0.jpg",
    "Wide-Grip_Pulldown_Behind_The_Neck/1.jpg"
  ],
  "id": "Wide-Grip_Pulldown_Behind_The_Neck"
}