{
  "name": "Kneeling Hip Flexor",
  "force": "static",
  "level": "beginner",
  "mechanic": "isolation",
  "equipment": null,
  "primaryMuscles": [
    "quadriceps"
  ],
  "secondaryMuscles": [
    "quadriceps"
  ],
  "instructions": [
    "Kneel on a mat and bring your right knee up so the bottom of your foot is on the floor and extend your left leg out behind you so the top of your foot is on the floor.",
    "Shift your weight forward until you feel a stretch in your hip. Hold for 15 seconds, then repeat for your other side."
  ],
  "category": "stretching",
  "images": [
    "Kneeling_Hip_Flexor/0.jpg",
    "Kneeling_Hip_Flexor/1.jpg"
  ],
  "id": "Kneeling_Hip_Flexor"
}