{
  "name": "Standing Rope Crunch",
  "force": "pull",
  "level": "beginner",
  "mechanic": "isolation",
  "equipment": "cable",
  "primaryMuscles": [
    "abdominals"
  ],
  "secondaryMuscles": [

  ],
  "instructions": [
    "Attach a rope to a high pulley and select an appropriate weight.",
    "Stand with your back to the cable tower. Take the rope with both hands over your shoulders, holding it to your upper chest. This will be your starting position.",
    "Perform the movement by flexing the spine, crunching the weight down as far as you can.",
    "Hold the peak contraction for a moment before returning to the starting position."
  ],
  "category": "strength",
  "images": [
    "Standing_Rope_Crunch/0.jpg",
    "Standing_Rope_Crunch/1.jpg"
  ],
  "id": "Standing_Rope_Crunch"
}