{
  "name": "Standing Elevated Quad Stretch",
  "force": "static",
  "level": "beginner",
  "mechanic": null,
  "equipment": "other",
  "primaryMuscles": [
    "quadriceps"
  ],
  "secondaryMuscles": [

  ],
  "instructions": [
    "Start by standing with your back about two to three feet away from a bench or step.",
    "Lift one leg behind you and rest your foot on the step,either on your instep or the ball of your foot, whichever you find most comfortable.",
    "Keep your supporting knee slightly bent and avoid letting that knee extend out beyond your toes. Switch sides."
  ],
  "category": "stretching",
  "images": [
    "Standing_Elevated_Quad_Stretch/0.jpg",
    "Standing_Elevated_Quad_Stretch/1.jpg"
  ],
  "id": "Standing_Elevated_Quad_Stretch"
}