{
  "name": "Spider Crawl",
  "force": "pull",
  "level": "beginner",
  "mechanic": "compound",
  "equipment": "body only",
  "primaryMuscles": [
    "abdominals"
  ],
  "secondaryMuscles": [
    "chest",
    "shoulders",
    "triceps"
  ],
  "instructions": [
    "Begin in a prone position on the floor. Support your weight on your hands and toes, with your feet together and your body straight. Your arms should be bent to 90 degrees. This will be your starting position.",
    "Initiate the movement by raising one foot off of the ground. Externally rotate the leg and bring the knee toward your elbow, as far forward as possible.",
    "Return this leg to the starting position and repeat on the opposite side."
  ],
  "category": "strength",
  "images": [
    "Spider_Crawl/0.jpg",
    "Spider_Crawl/1.jpg"
  ],
  "id": "Spider_Crawl"
}