{
  "name": "Latissimus Dorsi-SMR",
  "force": "static",
  "level": "beginner",
  "mechanic": "isolation",
  "equipment": "foam roll",
  "primaryMuscles": [
    "lats"
  ],
  "secondaryMuscles": [

  ],
  "instructions": [
    "While lying on the floor, place a foam roll under your back and to one side, just behind your arm pit. This will be your starting position.",
    "Keep the arm of the side being stretched behind and to the side of you as you shift your weight onto your lats, keeping your upper body off of the ground. Hold for 10-30 seconds, and switch sides."
  ],
  "category": "stretching",
  "images": [
    "Latissimus_Dorsi-SMR/0.jpg",
    "Latissimus_Dorsi-SMR/1.jpg"
  ],
  "id": "Latissimus_Dorsi-SMR"
}