{
  "name": "Chest And Front Of Shoulder Stretch",
  "force": "static",
  "level": "beginner",
  "mechanic": "isolation",
  "equipment": "other",
  "primaryMuscles": [
    "chest"
  ],
  "secondaryMuscles": [
    "shoulders"
  ],
  "instructions": [
    "Start off by standing with your legs together, holding a bodybar or a broomstick.",
    "Take a slightly wider than shoulder width grip on the pole and hold it in front of you with your palms facing down.",
    "Carefully lift the pole up and behind your head."
  ],
  "category": "stretching",
  "images": [
    "Chest_And_Front_Of_Shoulder_Stretch/0.jpg",
    "Chest_And_Front_Of_Shoulder_Stretch/1.jpg"
  ],
  "id": "Chest_And_Front_Of_Shoulder_Stretch"
}