{
  "name": "Standing Hamstring and Calf Stretch",
  "force": "static",
  "level": "beginner",
  "mechanic": null,
  "equipment": "other",
  "primaryMuscles": [
    "hamstrings"
  ],
  "secondaryMuscles": [

  ],
  "instructions": [
    "Being by looping a belt, band, or rope around one foot. While standing, place that foot forward.",
    "Bend your back leg, while keeping the front one straight. Now raise the toes of your front foot off of the ground and lean forward.",
    "Using the belt, pull on the top of the foot to increase the stretch in the calf. Hold for 10-20 seconds and repeat with the other foot."
  ],
  "category": "stretching",
  "images": [
    "Standing_Hamstring_and_Calf_Stretch/0.jpg",
    "Standing_Hamstring_and_Calf_Stretch/1.jpg"
  ],
  "id": "Standing_Hamstring_and_Calf_Stretch"
}