{
  "name": "Zottman Preacher Curl",
  "force": "pull",
  "level": "intermediate",
  "mechanic": "isolation",
  "equipment": "dumbbell",
  "primaryMuscles": [
    "biceps"
  ],
  "secondaryMuscles": [
    "forearms"
  ],
  "instructions": [
    "Grab a dumbbell in each hand and place your upper arms on top of the preacher bench or the incline bench. The dumbbells should be held at shoulder height and the elbows should be flexed. Hold the dumbbells with the palms of your hands facing down. This will be your starting position.",
    "As you breathe in, slowly lower the dumbbells keeping the palms down until your upper arm is extended and your biceps are fully stretched.",
    "Now rotate your wrists once you are at the bottom of the movement so that the palms of the hands are facing up.",
    "As you exhale, use your biceps to curl the weights up until they are fully contracted and the dumbbells are at shoulder height. Again, remember that to ensure full contraction you need to bring that small finger higher than the thumb.",
    "Squeeze the biceps hard for a second at the contracted position and rotate your wrists so that the palms are facing down again.",
    "Repeat for the recommended amount of repetitions."
  ],
  "category": "strength",
  "images": [
    "Zottman_Preacher_Curl/0.jpg",
    "Zottman_Preacher_Curl/1.jpg"
  ],
  "id": "Zottman_Preacher_Curl"
}