{
  "name": "Chest Push (multiple response)",
  "force": "push",
  "level": "beginner",
  "mechanic": "compound",
  "equipment": "medicine ball",
  "primaryMuscles": [
    "chest"
  ],
  "secondaryMuscles": [
    "abdominals",
    "shoulders",
    "triceps"
  ],
  "instructions": [
    "Begin in a kneeling position facing a wall or utilize a partner. Hold the ball with both hands tight into the chest.",
    "Execute the pass by exploding forward and outward with the hips while pushing the ball as hard as possible.",
    "Follow through by falling forward, catching yourself with your hands.",
    "Immediately return to an upright position. Repeat for the desired number of repetitions."
  ],
  "category": "plyometrics",
  "images": [
    "Chest_Push_multiple_response/0.jpg",
    "Chest_Push_multiple_response/1.jpg"
  ],
  "id": "Chest_Push_multiple_response"
}