{
  "name": "Standing Soleus And Achilles Stretch",
  "force": "static",
  "level": "beginner",
  "mechanic": "isolation",
  "equipment": null,
  "primaryMuscles": [
    "calves"
  ],
  "secondaryMuscles": [

  ],
  "instructions": [
    "Stand with your feet hip-distance apart, one foot slightly in front of the other.",
    "Bend both knees, keeping your back heel on the floor. Switch sides."
  ],
  "category": "stretching",
  "images": [
    "Standing_Soleus_And_Achilles_Stretch/0.jpg",
    "Standing_Soleus_And_Achilles_Stretch/1.jpg"
  ],
  "id": "Standing_Soleus_And_Achilles_Stretch"
}