{
  "name": "Standing Hip Flexors",
  "force": "static",
  "level": "beginner",
  "mechanic": "isolation",
  "equipment": null,
  "primaryMuscles": [
    "quadriceps"
  ],
  "secondaryMuscles": [

  ],
  "instructions": [
    "Stand up straight with the spine vertical, the left foot slightly in front of the right.",
    "Bend both knees and lift the back heel off the floor as you press the right hip forward. You can't get a thorough, deep stretch in this position, however, because it's hard to relax the hip flexor and stand on it at the same time. Switch sides."
  ],
  "category": "stretching",
  "images": [
    "Standing_Hip_Flexors/0.jpg",
    "Standing_Hip_Flexors/1.jpg"
  ],
  "id": "Standing_Hip_Flexors"
}