{
  "name": "Straight Bar Bench Mid Rows",
  "force": "pull",
  "level": "beginner",
  "mechanic": "compound",
  "equipment": "barbell",
  "primaryMuscles": [
    "middle back"
  ],
  "secondaryMuscles": [
    "biceps",
    "lats"
  ],
  "instructions": [
    "Place a loaded barbell on the end of a bench. Standing on the bench behind the bar, take a medium, pronated grip. Stand with your hips back and chest up, maintaining a neutral spine. This will be your starting position.",
    "Row the bar to your torso by retracting the shoulder blades and flexing the elbows. Use a controlled movement with no jerking.",
    "After a brief pause, slowly return the bar to the starting position, ensuring to go all the way down."
  ],
  "category": "strength",
  "images": [
    "Straight_Bar_Bench_Mid_Rows/0.jpg",
    "Straight_Bar_Bench_Mid_Rows/1.jpg"
  ],
  "id": "Straight_Bar_Bench_Mid_Rows"
}