{
  "name": "Seated Head Harness Neck Resistance",
  "force": "pull",
  "level": "intermediate",
  "mechanic": "isolation",
  "equipment": "other",
  "primaryMuscles": [
    "neck"
  ],
  "secondaryMuscles": [

  ],
  "instructions": [
    "Place a neck strap on the floor at the end of a flat bench. Once you have selected the weights, sit at the end of the flat bench with your feet wider than shoulder width apart from each other. Your toes should be pointed out.",
    "Slowly move your torso forward until it is almost parallel with the floor. Using both hands, securely position the neck strap around your head. Tip: Make sure the weights are still lying on the floor to prevent any strain on the neck. Now grab the weight with both hands while elevating your torso back until it is almost perpendicular to the floor. Note: Your head and torso needs to be slightly tilted forward to perform this exercise.",
    "Now place both hands on top of your knees. This is the starting position.",
    "Slowly lower your neck down until your chin touches the upper part of your chest while breathing in.",
    "While exhaling, bring your neck back to the starting position.",
    "Repeat for the recommended amount of repetitions."
  ],
  "category": "strength",
  "images": [
    "Seated_Head_Harness_Neck_Resistance/0.jpg",
    "Seated_Head_Harness_Neck_Resistance/1.jpg"
  ],
  "id": "Seated_Head_Harness_Neck_Resistance"
}