{
  "name": "Physioball Hip Bridge",
  "force": "push",
  "level": "beginner",
  "mechanic": "compound",
  "equipment": "exercise ball",
  "primaryMuscles": [
    "glutes"
  ],
  "secondaryMuscles": [
    "hamstrings"
  ],
  "instructions": [
    "Lay on a ball so that your upper back is on the ball with your hips unsupported. Both feet should be flat on the floor, hip width apart or wider. This will be your starting position.",
    "Begin by extending the hips using your glutes and hamstrings, raising your hips upward as you bridge.",
    "Pause at the top of the motion and return to the starting position."
  ],
  "category": "strength",
  "images": [
    "Physioball_Hip_Bridge/0.jpg",
    "Physioball_Hip_Bridge/1.jpg"
  ],
  "id": "Physioball_Hip_Bridge"
}