{
  "name": "Push Press - Behind the Neck",
  "force": "push",
  "level": "intermediate",
  "mechanic": "compound",
  "equipment": "barbell",
  "primaryMuscles": [
    "shoulders"
  ],
  "secondaryMuscles": [
    "calves",
    "quadriceps",
    "triceps"
  ],
  "instructions": [
    "Standing with the weight racked on the back of the shoulders, begin with the dip. With your feet directly under your hips, flex the knees without moving the hips backward. Go down only slightly, and reverse direction as powerfully as possible. Drive through the heels create as much speed and force as possible, moving the bar in a vertical path.",
    "Using the momentum generated, finish pressing the weight overhead be extending through the arms.",
    "Return to the starting position, using your legs to absorb the impact."
  ],
  "category": "olympic weightlifting",
  "images": [
    "Push_Press_-_Behind_the_Neck/0.jpg",
    "Push_Press_-_Behind_the_Neck/1.jpg"
  ],
  "id": "Push_Press_-_Behind_the_Neck"
}