{
  "name": "Spinal Stretch",
  "force": "static",
  "level": "beginner",
  "mechanic": "isolation",
  "equipment": null,
  "primaryMuscles": [
    "middle back"
  ],
  "secondaryMuscles": [
    "lats",
    "lower back",
    "neck",
    "traps"
  ],
  "instructions": [
    "Sit in a chair so your back is straight and your feet planted on the floor.",
    "Interlace your fingers behind your head, elbows out and your chin down.",
    "Twist your upper body to one side about 3 times as far as you can. Then lean forward and twist your torso to reach your elbow to the floor on the inside of your knee.",
    "Return to upright position and then repeat for your other side."
  ],
  "category": "stretching",
  "images": [
    "Spinal_Stretch/0.jpg",
    "Spinal_Stretch/1.jpg"
  ],
  "id": "Spinal_Stretch"
}