{
  "name": "Bent Over Low-Pulley Side Lateral",
  "force": "pull",
  "level": "beginner",
  "mechanic": "isolation",
  "equipment": "cable",
  "primaryMuscles": [
    "shoulders"
  ],
  "secondaryMuscles": [
    "lower back",
    "middle back",
    "traps"
  ],
  "instructions": [
    "Select a weight and hold the handle of the low pulley with your right hand.",
    "Bend at the waist until your torso is nearly parallel to the floor. Your legs should be slightly bent with your left hand placed on your lower left thigh. Your right arm should be hanging from your shoulder in front of you and with a slight bend at the elbow. This will be your starting position.",
    "Raise your right arm, elbow slightly bent, to the side until the arm is parallel to the floor and in line with your right ear. Breathe out as you perform this step.",
    "Slowly lower the weight back to the starting position as you breathe in.",
    "Repeat for the recommended amount of repetitions and repeat the movement with the other arm."
  ],
  "category": "strength",
  "images": [
    "Bent_Over_Low-Pulley_Side_Lateral/0.jpg",
    "Bent_Over_Low-Pulley_Side_Lateral/1.jpg"
  ],
  "id": "Bent_Over_Low-Pulley_Side_Lateral"
}