{
  "name": "Standing Cable Chest Press",
  "force": "push",
  "level": "beginner",
  "mechanic": "compound",
  "equipment": "cable",
  "primaryMuscles": [
    "chest"
  ],
  "secondaryMuscles": [
    "shoulders",
    "triceps"
  ],
  "instructions": [
    "Position dual pulleys to chest height and select an appropriate weight. Stand a foot or two in front of the cables, holding one in each hand. You can stagger your stance for better stability.",
    "Position the upper arm at a 90 degree angle with the shoulder blades together. This will be your starting position.",
    "Keeping the rest of the body stationary, extend through the elbows to press the handles forward, drawing them together in front of you.",
    "Pause at the top of the motion, and return to the starting position."
  ],
  "category": "strength",
  "images": [
    "Standing_Cable_Chest_Press/0.jpg",
    "Standing_Cable_Chest_Press/1.jpg"
  ],
  "id": "Standing_Cable_Chest_Press"
}