{
  "name": "Standing Palm-In One-Arm Dumbbell Press",
  "force": "push",
  "level": "beginner",
  "mechanic": "compound",
  "equipment": "dumbbell",
  "primaryMuscles": [
    "shoulders"
  ],
  "secondaryMuscles": [
    "triceps"
  ],
  "instructions": [
    "Start by having a dumbbell in one hand with your arm fully extended to the side using a neutral grip. Use your other arm to hold on to an incline bench to keep your balance.",
    "Your feet should be shoulder width apart from each other. Now slowly lift the dumbbell up until you create a 90 degree angle with your arm. Note: Your forearm should be perpendicular to the floor. Continue to maintain a neutral grip throughout the entire exercise.",
    "Slowly lift the dumbbell up until your arm is fully extended. This the starting position.",
    "While inhaling lower the weight down until your arm is at a 90 degree angle again.",
    "Feel the contraction for a second and then lift the weight back up towards the starting position while exhaling. Remember to hold on to the incline bench and keep your feet positioned to keep balance during the exercise.",
    "Repeat for the recommended amount of repetitions.",
    "Switch arms and repeat the exercise."
  ],
  "category": "strength",
  "images": [
    "Standing_Palm-In_One-Arm_Dumbbell_Press/0.jpg",
    "Standing_Palm-In_One-Arm_Dumbbell_Press/1.jpg"
  ],
  "id": "Standing_Palm-In_One-Arm_Dumbbell_Press"
}