{
  "name": "Quad Stretch",
  "force": "static",
  "level": "intermediate",
  "mechanic": null,
  "equipment": "other",
  "primaryMuscles": [
    "quadriceps"
  ],
  "secondaryMuscles": [

  ],
  "instructions": [
    "Lay on your side. Loop a belt, rope, or band around your top foot. Flex the knee and extend your hip, attempting to touch your glutes with your foot, and holding the belt with your hands. This will be your starting position.",
    "With the belt being held over the shoulder or overhead, gently pull to increase the stretch in the quadriceps. Hold for 10-20 seconds, and then switch sides."
  ],
  "category": "stretching",
  "images": [
    "Quad_Stretch/0.jpg",
    "Quad_Stretch/1.jpg"
  ],
  "id": "Quad_Stretch"
}