{
  "name": "Overhead Cable Curl",
  "force": "pull",
  "level": "intermediate",
  "mechanic": "isolation",
  "equipment": "cable",
  "primaryMuscles": [
    "biceps"
  ],
  "secondaryMuscles": [

  ],
  "instructions": [
    "To begin, set a weight that is comfortable on each side of the pulley machine. Note: Make sure that the amount of weight selected is the same on each side.",
    "Now adjust the height of the pulleys on each side and make sure that they are positioned at a height higher than that of your shoulders.",
    "Stand in the middle of both sides and use an underhand grip (palms facing towards the ceiling) to grab each handle. Your arms should be fully extended and parallel to the floor with your feet positioned shoulder width apart from each other. Your body should be evenly aligned the handles. This is the starting position.",
    "While exhaling, slowly squeeze the biceps on each side until your forearms and biceps touch.",
    "While inhaling, move your forearms back to the starting position. Note: Your entire body is stationary during this exercise except for the forearms.",
    "Repeat for the recommended amount of repetitions prescribed in your program."
  ],
  "category": "strength",
  "images": [
    "Overhead_Cable_Curl/0.jpg",
    "Overhead_Cable_Curl/1.jpg"
  ],
  "id": "Overhead_Cable_Curl"
}