{
  "name": "Preacher Curl",
  "force": "pull",
  "level": "beginner",
  "mechanic": "isolation",
  "equipment": "barbell",
  "primaryMuscles": [
    "biceps"
  ],
  "secondaryMuscles": [

  ],
  "instructions": [
    "To perform this movement you will need a preacher bench and an E-Z bar. Grab the E-Z curl bar at the close inner handle (either have someone hand you the bar which is preferable or grab the bar from the front bar rest provided by most preacher benches). The palm of your hands should be facing forward and they should be slightly tilted inwards due to the shape of the bar.",
    "With the upper arms positioned against the preacher bench pad and the chest against it, hold the E-Z Curl Bar at shoulder length. This will be your starting position.",
    "As you breathe in, slowly lower the bar until your upper arm is extended and the biceps is fully stretched.",
    "As you exhale, use the biceps to curl the weight up until your biceps is fully contracted and the bar is at shoulder height. Squeeze the biceps hard and hold this position for a second.",
    "Repeat for the recommended amount of repetitions."
  ],
  "category": "strength",
  "images": [
    "Preacher_Curl/0.jpg",
    "Preacher_Curl/1.jpg"
  ],
  "id": "Preacher_Curl"
}