{
  "name": "Stride Jump Crossover",
  "force": "push",
  "level": "beginner",
  "mechanic": "compound",
  "equipment": "other",
  "primaryMuscles": [
    "quadriceps"
  ],
  "secondaryMuscles": [
    "abductors",
    "adductors",
    "calves",
    "hamstrings"
  ],
  "instructions": [
    "Stand to the side of a box with your inside foot on top of it, close to the edge.",
    "Begin by swinging the arms upward as you push through the top leg, jumping upward as high as possible. Attempt to drive the opposite knee upward.",
    "Land in the opposite position that you started, on the opposite side of the box. The foot that was initially on the box will now be on the ground, with the opposite foot now on the box.",
    "Repeat the movement, crossing back over to the other side."
  ],
  "category": "plyometrics",
  "images": [
    "Stride_Jump_Crossover/0.jpg",
    "Stride_Jump_Crossover/1.jpg"
  ],
  "id": "Stride_Jump_Crossover"
}