{
  "name": "Standing Dumbbell Straight-Arm Front Delt Raise Above Head",
  "force": "push",
  "level": "intermediate",
  "mechanic": "isolation",
  "equipment": "dumbbell",
  "primaryMuscles": [
    "shoulders"
  ],
  "secondaryMuscles": [

  ],
  "instructions": [
    "Hold the dumbbells in front of your thighs, palms facing your thighs.",
    "Keep your arms straight with a slight bend at the elbows but keep them locked. This will be your starting position.",
    "Raise the dumbbells in a semicircular motion to arm's length overhead as you exhale.",
    "Slowly return to the starting position using the same path as you inhale.",
    "Repeat for the recommended amount of repetitions."
  ],
  "category": "strength",
  "images": [
    "Standing_Dumbbell_Straight-Arm_Front_Delt_Raise_Above_Head/0.jpg",
    "Standing_Dumbbell_Straight-Arm_Front_Delt_Raise_Above_Head/1.jpg"
  ],
  "id": "Standing_Dumbbell_Straight-Arm_Front_Delt_Raise_Above_Head"
}