{
  "name": "Side to Side Box Shuffle",
  "force": "push",
  "level": "beginner",
  "mechanic": "compound",
  "equipment": "other",
  "primaryMuscles": [
    "quadriceps"
  ],
  "secondaryMuscles": [
    "abductors",
    "adductors",
    "calves",
    "hamstrings"
  ],
  "instructions": [
    "Stand to one side of the box with your left foot resting on the middle of it.",
    "To begin, jump up and over to the other side of the box, landing with your right foot on top of the box and your left foot on the floor. Swing your arms to aid your movement.",
    "Continue shuffling back and forth across the box."
  ],
  "category": "plyometrics",
  "images": [
    "Side_to_Side_Box_Shuffle/0.jpg",
    "Side_to_Side_Box_Shuffle/1.jpg"
  ],
  "id": "Side_to_Side_Box_Shuffle"
}