{
  "name": "Plyo Kettlebell Pushups",
  "force": "push",
  "level": "expert",
  "mechanic": "compound",
  "equipment": "kettlebells",
  "primaryMuscles": [
    "chest"
  ],
  "secondaryMuscles": [
    "shoulders",
    "triceps"
  ],
  "instructions": [
    "Place a kettlebell on the floor. Place yourself in a pushup position, on your toes with one hand on the ground and one hand holding the kettlebell, with your elbows extended. This will be your starting position.",
    "Begin by lowering yourself as low as you can, keeping your back straight.",
    "Quickly and forcefully reverse direction, pushing yourself up to the other side of the kettlebell, switching hands as you do so. Continue the movement by descending and repeating the movement back and forth."
  ],
  "category": "strength",
  "images": [
    "Plyo_Kettlebell_Pushups/0.jpg",
    "Plyo_Kettlebell_Pushups/1.jpg"
  ],
  "id": "Plyo_Kettlebell_Pushups"
}