{
  "name": "Posterior Tibialis Stretch",
  "force": "static",
  "level": "intermediate",
  "mechanic": null,
  "equipment": "other",
  "primaryMuscles": [
    "calves"
  ],
  "secondaryMuscles": [

  ],
  "instructions": [
    "In a seated position, loop a belt, rope, or band around one foot. This will be your starting position.",
    "With the leg extended and the heel off of the ground, pull on the belt so that the foot is everted, with the outside of the foot being pulled towards you. Hold for 10-20 seconds, and then switch sides."
  ],
  "category": "stretching",
  "images": [
    "Posterior_Tibialis_Stretch/0.jpg",
    "Posterior_Tibialis_Stretch/1.jpg"
  ],
  "id": "Posterior_Tibialis_Stretch"
}